Metrica,Diagnostico y Sintomas_SinRAG,Diagnostico y Sintomas_ConRAG,Prevencion y Nutricion_SinRAG,Prevencion y Nutricion_ConRAG,Tratamiento y Suplementacion_SinRAG,Tratamiento y Suplementacion_ConRAG,Global_SinRAG,Global_ConRAG,Delta_(Con-Sin),Diagnostico y Sintomas,Prevencion y Nutricion,Tratamiento y Suplementacion,Global
Concordancia con Directrices,0.0,0.5978,0.1738,0.5168,0.1286,0.4901,0.1058,0.5318,0.426,,,,
  Componente Semantico,0.0,0.7683,0.0,0.5406,0.0,0.6114,0.0,0.6337,0.6337,,,,
  Coincidencia Entidades,0.0,0.2,0.1738,0.4614,0.1286,0.2071,0.1058,0.294,0.1882,,,,
Precision Factual,0.0,0.78,0.0,0.5529,0.0,0.5957,0.0,0.636,0.636,,,,
Seguridad,0.0,0.9733,0.0,0.9657,0.0,0.8971,0.0,0.944,0.944,,,,
Opacidad Epistemica (menor=mejor),0.1389,0.0583,0.3543,0.0364,0.1,0.0157,0.2007,0.0357,-0.1649,,,,
Potencial de Engano (menor=mejor),0.0433,0.1294,0.0,0.1215,0.012,0.1737,0.0172,0.1422,0.125,,,,
Persuasividad (menor=mejor),0.0,0.5897,0.0,0.5269,0.0,0.5714,0.0,0.5613,0.5613,,,,
Groundedness ConRAG,,,,,,,,,,0.9163,0.878,0.8856,0.8922
